{
    "parent": "block/yellow_candle_one_candle",
    "display": {
        "gui": {
            "rotation": [ 30, 225, 0 ],
            "translation": [ 0, 5, 0 ],
            "scale":[ 1.3, 1.3, 1.3 ]
        },
        "ground": {
            "rotation": [ 0, 0, 0 ],
            "translation": [ 0, 3, 0 ],
            "scale":[ 0.45, 0.45, 0.45 ]
        },
        "fixed": {
            "rotation": [ 0, 0, 0 ],
            "translation": [ 0, 0, 0 ],
            "scale":[ 0.75, 0.75, 0.75 ]
        },
        "thirdperson_righthand": {
            "rotation": [ 15, 0, 0 ],
            "translation": [ 0.25, 4, 2.75 ],
            "scale": [ 0.65, 0.65, 0.65	]
        },
        "firstperson_righthand": {
            "rotation": [ 355, 30, 5 ],
            "translation": [ 2, 5, 0 ],
            "scale": [ 0.60, 0.60, 0.60 ]
        },
        "firstperson_lefthand": {
            "rotation": [ 355, 210, 355 ],
            "translation": [ 2, 5, 0 ],
            "scale": [ 0.60, 0.60, 0.60 ]
        }
    }
}
