{
  "multipart": [
    {
      "when": {
        "up": "true"
      },
      "apply": [ {
        "model": "minecraft:block/glow_lichen",
        "x": 270
      }, {
        "model": "minecraft:block/glow_lichen1",
        "x": 270
      }, {
        "model": "minecraft:block/glow_lichen2",
        "x": 270
      }, {
        "model": "minecraft:block/glow_lichen3",
        "x": 270
      }, {
        "model": "minecraft:block/glow_lichen4",
        "x": 270
      }, {
        "model": "minecraft:block/glow_lichen5",
        "x": 270
      }, {
        "model": "minecraft:block/glow_lichen6",
        "x": 270
      }, {
        "model": "minecraft:block/glow_lichen7",
        "x": 270
      }, {
        "model": "minecraft:block/glow_lichen8",
        "x": 270
      }, {
        "model": "minecraft:block/glow_lichen10",
        "x": 270
      }, {
        "model": "minecraft:block/glow_lichen11",
        "x": 270
      }, {
        "model": "minecraft:block/glow_lichen12",
        "x": 270
      }, {
        "model": "minecraft:block/glow_lichen13",
        "x": 270
      }, {
        "model": "minecraft:block/glow_lichen14",
        "x": 270
      }, {
        "model": "minecraft:block/glow_lichen15",
        "x": 270
      }, {
        "model": "minecraft:block/glow_lichen16",
        "x": 270
      }, {
        "model": "minecraft:block/glow_lichen17",
        "x": 270
      } ]
    },
    {
      "when": {
        "north": "true"
      },
      "apply": [ {
        "model": "minecraft:block/glow_lichen"
      }, {
        "model": "minecraft:block/glow_lichen1"
      }, {
        "model": "minecraft:block/glow_lichen2"
      }, {
        "model": "minecraft:block/glow_lichen3"
      }, {
        "model": "minecraft:block/glow_lichen4"
      }, {
        "model": "minecraft:block/glow_lichen5"
      }, {
        "model": "minecraft:block/glow_lichen6"
      }, {
        "model": "minecraft:block/glow_lichen7"
      }, {
        "model": "minecraft:block/glow_lichen8"
      }, {
        "model": "minecraft:block/glow_lichen9"
      }, {
        "model": "minecraft:block/glow_lichen10"
      }, {
        "model": "minecraft:block/glow_lichen11"
      }, {
        "model": "minecraft:block/glow_lichen12"
      }, {
        "model": "minecraft:block/glow_lichen13"
      }, {
        "model": "minecraft:block/glow_lichen14"
      }, {
        "model": "minecraft:block/glow_lichen15"
      }, {
        "model": "minecraft:block/glow_lichen16"
      }, {
        "model": "minecraft:block/glow_lichen17"
      } ]
    },
    {
      "when": {
        "west": "true"
      },
      "apply": [ {
        "model": "minecraft:block/glow_lichen",
        "y": 270
      }, {
        "model": "minecraft:block/glow_lichen1",
        "y": 270
      }, {
        "model": "minecraft:block/glow_lichen2",
        "y": 270
      }, {
        "model": "minecraft:block/glow_lichen3",
        "y": 270
      }, {
        "model": "minecraft:block/glow_lichen4",
        "y": 270
      }, {
        "model": "minecraft:block/glow_lichen5",
        "y": 270
      }, {
        "model": "minecraft:block/glow_lichen6",
        "y": 270
      }, {
        "model": "minecraft:block/glow_lichen7",
        "y": 270
      }, {
        "model": "minecraft:block/glow_lichen8",
        "y": 270
      }, {
        "model": "minecraft:block/glow_lichen9",
        "y": 270
      }, {
        "model": "minecraft:block/glow_lichen10",
        "y": 270
      }, {
        "model": "minecraft:block/glow_lichen11",
        "y": 270
      }, {
        "model": "minecraft:block/glow_lichen12",
        "y": 270
      }, {
        "model": "minecraft:block/glow_lichen13",
        "y": 270
      }, {
        "model": "minecraft:block/glow_lichen14",
        "y": 270
      }, {
        "model": "minecraft:block/glow_lichen15",
        "y": 270
      }, {
        "model": "minecraft:block/glow_lichen16",
        "y": 270
      }, {
        "model": "minecraft:block/glow_lichen17",
        "y": 270
      } ]
    },
    {
      "when": {
        "south": "true"
      },
      "apply": [ {
        "model": "minecraft:block/glow_lichen",
        "y": 180
      }, {
        "model": "minecraft:block/glow_lichen1",
        "y": 180
      }, {
        "model": "minecraft:block/glow_lichen2",
        "y": 180
      }, {
        "model": "minecraft:block/glow_lichen3",
        "y": 180
      }, {
        "model": "minecraft:block/glow_lichen4",
        "y": 180
      }, {
        "model": "minecraft:block/glow_lichen5",
        "y": 180
      }, {
        "model": "minecraft:block/glow_lichen6",
        "y": 180
      }, {
        "model": "minecraft:block/glow_lichen7",
        "y": 180
      }, {
        "model": "minecraft:block/glow_lichen8",
        "y": 180
      }, {
        "model": "minecraft:block/glow_lichen9",
        "y": 180
      }, {
        "model": "minecraft:block/glow_lichen10",
        "y": 180
      }, {
        "model": "minecraft:block/glow_lichen11",
        "y": 180
      }, {
        "model": "minecraft:block/glow_lichen12",
        "y": 180
      }, {
        "model": "minecraft:block/glow_lichen13",
        "y": 180
      }, {
        "model": "minecraft:block/glow_lichen14",
        "y": 180
      }, {
        "model": "minecraft:block/glow_lichen15",
        "y": 180
      }, {
        "model": "minecraft:block/glow_lichen16",
        "y": 180
      }, {
        "model": "minecraft:block/glow_lichen17",
        "y": 180
      } ]
    },
    {
      "when": {
        "east": "true"
      },
      "apply": [ {
        "model": "minecraft:block/glow_lichen",
        "y": 90
      }, {
        "model": "minecraft:block/glow_lichen1",
        "y": 90
      }, {
        "model": "minecraft:block/glow_lichen2",
        "y": 90
      }, {
        "model": "minecraft:block/glow_lichen3",
        "y": 90
      }, {
        "model": "minecraft:block/glow_lichen4",
        "y": 90
      }, {
        "model": "minecraft:block/glow_lichen5",
        "y": 90
      }, {
        "model": "minecraft:block/glow_lichen6",
        "y": 90
      }, {
        "model": "minecraft:block/glow_lichen7",
        "y": 90
      }, {
        "model": "minecraft:block/glow_lichen8",
        "y": 90
      }, {
        "model": "minecraft:block/glow_lichen9",
        "y": 90
      }, {
        "model": "minecraft:block/glow_lichen10",
        "y": 90
      }, {
        "model": "minecraft:block/glow_lichen11",
        "y": 90
      }, {
        "model": "minecraft:block/glow_lichen12",
        "y": 90
      }, {
        "model": "minecraft:block/glow_lichen13",
        "y": 90
      }, {
        "model": "minecraft:block/glow_lichen14",
        "y": 90
      }, {
        "model": "minecraft:block/glow_lichen15",
        "y": 90
      }, {
        "model": "minecraft:block/glow_lichen16",
        "y": 90
      }, {
        "model": "minecraft:block/glow_lichen17",
        "y": 90
      } ]
    },
    {
      "when": {
        "down": "true"
      },
      "apply": [ {
        "model": "minecraft:block/glow_lichen",
        "x": 90
      }, {
        "model": "minecraft:block/glow_lichen1",
        "x": 90
      }, {
        "model": "minecraft:block/glow_lichen2",
        "x": 90
      }, {
        "model": "minecraft:block/glow_lichen3",
        "x": 90
      }, {
        "model": "minecraft:block/glow_lichen4",
        "x": 90
      }, {
        "model": "minecraft:block/glow_lichen5",
        "x": 90
      }, {
        "model": "minecraft:block/glow_lichen6",
        "x": 90
      }, {
        "model": "minecraft:block/glow_lichen7",
        "x": 90
      }, {
        "model": "minecraft:block/glow_lichen8",
        "x": 90
      }, {
        "model": "minecraft:block/glow_lichen9",
        "x": 90
      }, {
        "model": "minecraft:block/glow_lichen10",
        "x": 90
      }, {
        "model": "minecraft:block/glow_lichen11",
        "x": 90
      }, {
        "model": "minecraft:block/glow_lichen12",
        "x": 90
      }, {
        "model": "minecraft:block/glow_lichen13",
        "x": 90
      }, {
        "model": "minecraft:block/glow_lichen14",
        "x": 90
      }, {
        "model": "minecraft:block/glow_lichen15",
        "x": 90
      }, {
        "model": "minecraft:block/glow_lichen16",
        "x": 90
      }, {
        "model": "minecraft:block/glow_lichen17",
        "x": 90
      } ]
    }
  ]
}