{
	"overrides": [
		{
			"model": "",
			"predicate": {
				"nbt": {
					"EntityTag": {
						"Variant": "4"
					}
				}
			}
		},
		{
			"model": "",
			"predicate": {
				"nbt": {
					"EntityTag": {
						"Variant": "4"
					}
				}
			}
		},
		{
			"model": "",
			"predicate": {
				"nbt": {
					"EntityTag": {
						"Variant": "3"
					}
				}
			}
		},
		{
			"model": "",
			"predicate": {
				"nbt": {
					"EntityTag": {
						"Variant": "3"
					}
				}
			}
		},
		{
			"model": "",
			"predicate": {
				"nbt": {
					"EntityTag": {
						"Variant": "2"
					}
				}
			}
		},
		{
			"model": "",
			"predicate": {
				"nbt": {
					"EntityTag": {
						"Variant": "2"
					}
				}
			}
		},
		{
			"model": "",
			"predicate": {
				"nbt": {
					"EntityTag": {
						"Variant": "1"
					}
				}
			}
		},
		{
			"model": "",
			"predicate": {
				"nbt": {
					"EntityTag": {
						"Variant": "1"
					}
				}
			}
		}
	],
	"parent": "minecraft:item/generated",
	"textures": {
		"layer0": "mcpppp:item/blue"
	}
}
